1,Billye,Alforde,balforde0@storify.com,balforde0,484-353-6606
2,Ellette,Pawlett,epawlett1@e-recht24.de,epawlett1,695-399-7092
3,Ronnie,Staries,rstaries2@e-recht24.de,rstaries2,267-205-0230
4,Melamie,Glazer,mglazer3@ibm.com,mglazer3,631-599-6454
5,Myron,Ayerst,mayerst4@ucoz.ru,mayerst4,927-720-6656
6,Pansy,Strachan,pstrachan5@cnn.com,pstrachan5,719-468-1377
7,Dorena,Hubberstey,dhubberstey6@geocities.com,dhubberstey6,815-729-2453
8,Barbara-anne,Legan,blegan7@earthlink.net,blegan7,125-356-7039
9,Fulton,Twiggins,ftwiggins8@nasa.gov,ftwiggins8,760-127-2091
10,Jayson,Leftley,jleftley9@t-online.de,jleftley9,402-881-5255
11,Katleen,Aneley,kaneleya@un.org,kaneleya,500-230-1232
12,Ailbert,Huyche,ahuycheb@hhs.gov,ahuycheb,762-641-7115
13,Raye,Farrall,rfarrallc@mapy.cz,rfarrallc,869-209-4243
14,Erna,McPhate,emcphated@studiopress.com,emcphated,711-731-5333
15,Nicole,Martinelli,nmartinellie@cbsnews.com,nmartinellie,612-163-3106
16,Garold,Escalero,gescalerof@ifeng.com,gescalerof,102-238-9303
17,Deedee,Ecclesall,decclesallg@paypal.com,decclesallg,233-320-0230
18,Martynne,Glaserman,mglasermanh@prnewswire.com,mglasermanh,870-364-8562
19,Claudia,Gittins,cgittinsi@yahoo.com,cgittinsi,545-960-2257
20,Arlena,Gamblin,agamblinj@domainmarket.com,agamblinj,783-413-0913
21,Darrell,Ledwidge,dledwidgek@dell.com,dledwidgek,130-855-6586
22,Hester,Eliaz,heliazl@sourceforge.net,heliazl,475-430-9827
23,Ken,McBrady,kmcbradym@surveymonkey.com,kmcbradym,512-879-2506
24,Georgi,Abazi,gabazin@diigo.com,gabazin,185-966-7657
25,Manolo,Jentgens,mjentgenso@miibeian.gov.cn,mjentgenso,119-245-9673
26,Kristina,Greaser,kgreaserp@smugmug.com,kgreaserp,227-842-6081
27,Rowena,Gillbey,rgillbeyq@naver.com,rgillbeyq,818-757-5861
28,Shanda,Chipperfield,schipperfieldr@t.co,schipperfieldr,636-961-2659
29,Jazmin,Stockings,jstockingss@ameblo.jp,jstockingss,675-702-5588
30,Lydia,Colhoun,lcolhount@w3.org,lcolhount,427-882-5145
31,Wylma,Barthel,wbarthelu@princeton.edu,wbarthelu,210-715-2728
32,Farra,Balcombe,fbalcombev@harvard.edu,fbalcombev,805-370-3837
33,Genevra,Karpeev,gkarpeevw@unblog.fr,gkarpeevw,391-494-1856
34,Gert,Gatenby,ggatenbyx@spiegel.de,ggatenbyx,528-459-6230
35,Orsa,Muller,omullery@wisc.edu,omullery,403-526-3617
36,Anthe,Marley,amarleyz@slideshare.net,amarleyz,491-970-4500
37,Inglis,Banthorpe,ibanthorpe10@ucoz.com,ibanthorpe10,205-434-3145
38,Agretha,Windham,awindham11@w3.org,awindham11,780-260-6768
39,Abbey,Sircomb,asircomb12@hatena.ne.jp,asircomb12,267-704-0906
40,Amalee,Haggis,ahaggis13@hubpages.com,ahaggis13,582-955-6677
41,Ivonne,Cruikshanks,icruikshanks14@pagesperso-orange.fr,icruikshanks14,576-123-1937
42,Deidre,Sainthill,dsainthill15@multiply.com,dsainthill15,207-238-7047
43,Mariel,Elgee,melgee16@t.co,melgee16,396-492-8167
44,Genni,Becarra,gbecarra17@ycombinator.com,gbecarra17,873-199-6944
45,Francyne,Malin,fmalin18@elegantthemes.com,fmalin18,100-509-8236
46,Deck,Spaice,dspaice19@free.fr,dspaice19,722-505-9523
47,El,Sandal,esandal1a@fastcompany.com,esandal1a,966-599-6555
48,Judon,Frood,jfrood1b@etsy.com,jfrood1b,718-938-4977
49,Ollie,Tubby,otubby1c@1688.com,otubby1c,962-860-5049
50,Haskell,Strowlger,hstrowlger1d@multiply.com,hstrowlger1d,547-276-6760
51,Sara-ann,Boullen,sboullen1e@barnesandnoble.com,sboullen1e,584-626-0362
52,Wood,Neame,wneame1f@infoseek.co.jp,wneame1f,152-458-7698
53,Beau,Bramsen,bbramsen1g@blinklist.com,bbramsen1g,406-871-0778
54,Sarajane,Still,sstill1h@posterous.com,sstill1h,250-965-5617
55,Maurice,MacConnal,mmacconnal1i@networkadvertising.org,mmacconnal1i,176-356-5628
56,Modestia,Manna,mmanna1j@over-blog.com,mmanna1j,304-185-7779
57,Piper,Stopper,pstopper1k@ycombinator.com,pstopper1k,337-164-1452
58,Meyer,McNellis,mmcnellis1l@nba.com,mmcnellis1l,807-135-3919
59,Osbourne,Loughman,oloughman1m@ycombinator.com,oloughman1m,490-304-7919
60,Caria,Rack,crack1n@jigsy.com,crack1n,803-733-2866
61,Binnie,Varvara,bvarvara1o@alibaba.com,bvarvara1o,443-314-7736
62,Issiah,Guinnane,iguinnane1p@theguardian.com,iguinnane1p,441-762-1247
63,Erica,Imlacke,eimlacke1q@dell.com,eimlacke1q,844-951-2717
64,Martguerita,Mussolini,mmussolini1r@independent.co.uk,mmussolini1r,877-378-5281
65,Wernher,Wareing,wwareing1s@google.fr,wwareing1s,359-906-2619
66,Berton,Redpath,bredpath1t@typepad.com,bredpath1t,478-983-0802
67,Chase,Jelkes,cjelkes1u@bing.com,cjelkes1u,413-973-3021
68,Boniface,Armer,barmer1v@google.fr,barmer1v,423-199-0914
69,Halette,Panther,hpanther1w@cyberchimps.com,hpanther1w,693-618-7037
70,Rosy,Waggett,rwaggett1x@a8.net,rwaggett1x,267-993-4319
71,Austine,Carress,acarress1y@sun.com,acarress1y,518-206-6364
72,Kordula,Van den Velde,kvandenvelde1z@boston.com,kvandenvelde1z,573-972-8081
73,Rennie,Fomichkin,rfomichkin20@answers.com,rfomichkin20,477-369-3628
74,Jacqui,Leaburn,jleaburn21@mediafire.com,jleaburn21,528-546-0466
75,Winne,Domenge,wdomenge22@myspace.com,wdomenge22,103-978-9664
76,Penni,Dagnan,pdagnan23@issuu.com,pdagnan23,623-146-6487
77,Cati,Ronan,cronan24@xrea.com,cronan24,381-419-6916
78,Andras,Grevatt,agrevatt25@parallels.com,agrevatt25,469-881-1971
79,Immanuel,Farrer,ifarrer26@bloglovin.com,ifarrer26,571-447-6120
80,Carole,Dunne,cdunne27@comcast.net,cdunne27,189-773-2497
81,Lynn,Spadaro,lspadaro28@walmart.com,lspadaro28,910-292-8617
82,Michel,Salvidge,msalvidge29@printfriendly.com,msalvidge29,218-666-1760
83,Shel,Henrys,shenrys2a@lycos.com,shenrys2a,602-346-5023
84,Dalenna,Dearsley,ddearsley2b@mit.edu,ddearsley2b,245-772-1311
85,Rad,Trinder,rtrinder2c@usda.gov,rtrinder2c,360-980-1794
86,Marwin,Calcraft,mcalcraft2d@photobucket.com,mcalcraft2d,560-917-9860
87,Antonia,Gavey,agavey2e@rakuten.co.jp,agavey2e,723-137-2441
88,Tobe,Brewis,tbrewis2f@qq.com,tbrewis2f,448-785-1044
89,Jeremias,Creenan,jcreenan2g@webeden.co.uk,jcreenan2g,889-817-1026
90,Birdie,Attkins,battkins2h@woothemes.com,battkins2h,367-912-0138
91,Ingar,Batchelour,ibatchelour2i@youku.com,ibatchelour2i,472-610-0162
92,Hazel,Root,hroot2j@nymag.com,hroot2j,550-355-2627
93,Arliene,Lux,alux2k@bluehost.com,alux2k,971-679-2344
94,Lelia,Eaton,leaton2l@reverbnation.com,leaton2l,462-753-3769
95,Rowe,Wiseman,rwiseman2m@europa.eu,rwiseman2m,722-358-8741
96,Claretta,Demangel,cdemangel2n@nature.com,cdemangel2n,674-596-9729
97,Brita,Load,bload2o@ovh.net,bload2o,609-213-2748
98,Marchall,Hoffmann,mhoffmann2p@uiuc.edu,mhoffmann2p,499-726-0784
99,Rolando,Shirtcliffe,rshirtcliffe2q@posterous.com,rshirtcliffe2q,389-442-2740
100,Launce,Maass,lmaass2r@shareasale.com,lmaass2r,801-937-9818
101,Letizia,Kitchinham,lkitchinham2s@google.it,lkitchinham2s,793-190-4158
102,Issiah,Bragger,ibragger2t@wikia.com,ibragger2t,412-606-6193
103,Louise,Gilleson,lgilleson2u@harvard.edu,lgilleson2u,768-318-9054
104,Tim,Spurrior,tspurrior2v@pen.io,tspurrior2v,498-232-3554
105,Kirsteni,Gatecliffe,kgatecliffe2w@last.fm,kgatecliffe2w,405-668-2626
106,Jeri,Chinge,jchinge2x@vistaprint.com,jchinge2x,626-677-7323
107,Erv,Walters,ewalters2y@people.com.cn,ewalters2y,417-404-3531
108,Ingemar,Bortolozzi,ibortolozzi2z@ycombinator.com,ibortolozzi2z,289-736-8529
109,Franciska,Miklem,fmiklem30@theglobeandmail.com,fmiklem30,879-509-9175
110,Filia,Cudiff,fcudiff31@newyorker.com,fcudiff31,981-630-6954
111,Fredrika,Lehrmann,flehrmann32@amazon.co.uk,flehrmann32,187-364-4283
112,Neile,Bonar,nbonar33@aol.com,nbonar33,249-119-8750
113,Irena,Serrell,iserrell34@upenn.edu,iserrell34,756-226-2547
114,Tessa,Birdall,tbirdall35@utexas.edu,tbirdall35,320-278-3935
115,Melvin,Smogur,msmogur36@mail.ru,msmogur36,910-805-5994
116,Benyamin,Liddington,bliddington37@deliciousdays.com,bliddington37,345-742-4838
117,Ogdan,Puttnam,oputtnam38@edublogs.org,oputtnam38,126-315-1052
118,Von,Mohring,vmohring39@harvard.edu,vmohring39,775-971-9659
119,Madonna,Pole,mpole3a@parallels.com,mpole3a,382-764-1372
120,Had,Shutler,hshutler3b@surveymonkey.com,hshutler3b,404-929-8663
121,Way,Trewinnard,wtrewinnard3c@abc.net.au,wtrewinnard3c,895-716-1818
122,Emili,Edgler,eedgler3d@prweb.com,eedgler3d,761-102-4261
123,Verena,Belchem,vbelchem3e@hao123.com,vbelchem3e,475-513-1865
124,Brnaba,Muffett,bmuffett3f@sfgate.com,bmuffett3f,348-381-2876
125,Beckie,Snook,bsnook3g@tmall.com,bsnook3g,941-973-2881
126,Dorie,Atwell,datwell3h@dyndns.org,datwell3h,601-464-1904
127,Fraser,Sparrowe,fsparrowe3i@deviantart.com,fsparrowe3i,870-409-1968
128,Lurleen,McWilliam,lmcwilliam3j@meetup.com,lmcwilliam3j,573-126-8388
129,Roana,Gummory,rgummory3k@typepad.com,rgummory3k,770-568-3004
130,Anestassia,Crumpe,acrumpe3l@house.gov,acrumpe3l,894-475-8044
131,Sibylle,Pfeffel,spfeffel3m@360.cn,spfeffel3m,288-531-3023
132,Danni,Bruff,dbruff3n@slideshare.net,dbruff3n,596-769-8384
133,Dorella,Prandoni,dprandoni3o@google.com.br,dprandoni3o,209-507-9011
134,Margaux,Wolfit,mwolfit3p@acquirethisname.com,mwolfit3p,424-864-1037
135,Aksel,Disbrow,adisbrow3q@posterous.com,adisbrow3q,362-923-7451
136,Joyan,Malbon,jmalbon3r@e-recht24.de,jmalbon3r,871-647-0392
137,Sibley,Szimoni,sszimoni3s@paginegialle.it,sszimoni3s,214-693-8821
138,Englebert,Tropman,etropman3t@arizona.edu,etropman3t,593-810-7483
139,Sandy,Furzey,sfurzey3u@baidu.com,sfurzey3u,121-948-7335
140,Portie,Benford,pbenford3v@hostgator.com,pbenford3v,762-949-3431
141,Gardner,Tilsley,gtilsley3w@si.edu,gtilsley3w,463-630-2570
142,Francesca,Blakeley,fblakeley3x@google.fr,fblakeley3x,349-519-2013
143,Farleigh,Toretta,ftoretta3y@squidoo.com,ftoretta3y,664-229-4076
144,Otes,Goodbarne,ogoodbarne3z@twitpic.com,ogoodbarne3z,893-161-5913
145,Micheline,Wattingham,mwattingham40@amazon.de,mwattingham40,283-430-7436
146,Kevan,Dewer,kdewer41@vinaora.com,kdewer41,727-191-8469
147,Garald,Bottell,gbottell42@dyndns.org,gbottell42,475-602-2561
148,Alvis,Byforth,abyforth43@timesonline.co.uk,abyforth43,478-599-6809
149,Tomkin,Costard,tcostard44@google.com.au,tcostard44,284-478-9203
150,Torrance,Dibsdale,tdibsdale45@joomla.org,tdibsdale45,318-882-0166
151,Katharine,Sherrett,ksherrett46@java.com,ksherrett46,662-822-6020
152,Haze,Boadby,hboadby47@edublogs.org,hboadby47,215-787-9392
153,Nestor,Scrinage,nscrinage48@yolasite.com,nscrinage48,395-873-8737
154,Conrad,Chessell,cchessell49@google.nl,cchessell49,178-121-3968
155,Corny,Gibby,cgibby4a@elpais.com,cgibby4a,440-505-0991
156,Ezri,Swadling,eswadling4b@domainmarket.com,eswadling4b,297-805-4032
157,Silvie,Chainey,schainey4c@geocities.jp,schainey4c,708-427-6022
158,Thorndike,Ruffler,truffler4d@admin.ch,truffler4d,429-284-0019
159,Giordano,Gebbie,ggebbie4e@taobao.com,ggebbie4e,501-677-5842
160,Sioux,Paolazzi,spaolazzi4f@barnesandnoble.com,spaolazzi4f,105-902-9404
161,Joell,Kubera,jkubera4g@yahoo.com,jkubera4g,727-822-2854
162,Waring,Malyon,wmalyon4h@google.cn,wmalyon4h,328-224-6733
163,Broddy,Burbidge,bburbidge4i@narod.ru,bburbidge4i,621-143-3673
164,Obadias,Carvell,ocarvell4j@shop-pro.jp,ocarvell4j,565-763-4378
165,Inglis,Alpin,ialpin4k@amazon.com,ialpin4k,306-110-5752
166,Erastus,Lackie,elackie4l@dion.ne.jp,elackie4l,299-216-6166
167,Chaim,Herrieven,cherrieven4m@reddit.com,cherrieven4m,523-961-9868
168,Riki,Newns,rnewns4n@wordpress.com,rnewns4n,782-759-5183
169,Ilise,Mandifield,imandifield4o@hao123.com,imandifield4o,600-360-5946
170,Abrahan,De Francisci,adefrancisci4p@house.gov,adefrancisci4p,517-963-1206
171,Barbey,Di Iorio,bdiiorio4q@gravatar.com,bdiiorio4q,610-109-8755
172,Roxie,Gumb,rgumb4r@storify.com,rgumb4r,790-161-6826
173,Malena,Alywin,malywin4s@posterous.com,malywin4s,185-479-9701
174,Park,Sommerville,psommerville4t@nba.com,psommerville4t,881-945-6389
175,George,Pettigree,gpettigree4u@youtube.com,gpettigree4u,224-975-8569
176,Bary,Storror,bstorror4v@phpbb.com,bstorror4v,189-137-3982
177,Christine,Jaszczak,cjaszczak4w@fastcompany.com,cjaszczak4w,214-326-4723
178,Warren,Gradon,wgradon4x@smugmug.com,wgradon4x,359-967-6911
179,Richmond,Orbell,rorbell4y@eventbrite.com,rorbell4y,214-916-4593
180,Terencio,Landal,tlandal4z@wordpress.org,tlandal4z,786-608-5469
181,Candi,Brodley,cbrodley50@meetup.com,cbrodley50,557-413-0417
182,Flori,Burkhill,fburkhill51@huffingtonpost.com,fburkhill51,195-231-2536
183,Corby,Feldhammer,cfeldhammer52@infoseek.co.jp,cfeldhammer52,940-484-0850
184,Kissee,Wimpeney,kwimpeney53@jigsy.com,kwimpeney53,199-166-6469
185,Angele,Feldmark,afeldmark54@theatlantic.com,afeldmark54,322-507-3568
186,Lou,MacKellen,lmackellen55@sbwire.com,lmackellen55,791-854-4018
187,Rivkah,Naisby,rnaisby56@storify.com,rnaisby56,149-969-2959
188,Allene,Winterbotham,awinterbotham57@feedburner.com,awinterbotham57,124-237-5218
189,Yanaton,Barriball,ybarriball58@loc.gov,ybarriball58,404-598-9978
190,Gussy,Fansy,gfansy59@gravatar.com,gfansy59,678-330-6930
191,Agretha,Klezmski,aklezmski5a@github.io,aklezmski5a,470-242-6954
192,Kerri,Vasiliu,kvasiliu5b@mlb.com,kvasiliu5b,154-910-8209
193,Muire,Keyzman,mkeyzman5c@freewebs.com,mkeyzman5c,252-713-8057
194,Mitch,Joskowitz,mjoskowitz5d@pagesperso-orange.fr,mjoskowitz5d,528-809-2511
195,Archibold,Adamowitz,aadamowitz5e@unblog.fr,aadamowitz5e,959-885-0814
196,Orelee,Coulthard,ocoulthard5f@csmonitor.com,ocoulthard5f,807-202-3719
197,Rosemaria,Kilgour,rkilgour5g@bravesites.com,rkilgour5g,446-854-0112
198,Roselle,Kiddy,rkiddy5h@amazon.co.uk,rkiddy5h,559-224-6807
199,Freeland,Baines,fbaines5i@sina.com.cn,fbaines5i,581-180-6643
200,Vanna,Lamborn,vlamborn5j@google.ru,vlamborn5j,530-667-8044
201,Carmencita,Sennett,csennett5k@zimbio.com,csennett5k,130-635-0247
202,Jennilee,Tezure,jtezure5l@comsenz.com,jtezure5l,912-929-6801
203,Robenia,Laviste,rlaviste5m@surveymonkey.com,rlaviste5m,947-806-7838
204,Adrian,O'Mannion,aomannion5n@example.com,aomannion5n,694-434-4335
205,Candice,Orris,corris5o@csmonitor.com,corris5o,427-902-6762
206,Charles,Simonitto,csimonitto5p@edublogs.org,csimonitto5p,460-244-5035
207,Eloisa,Delue,edelue5q@multiply.com,edelue5q,590-975-5600
208,Stevy,Heard,sheard5r@weather.com,sheard5r,857-571-9492
209,Stanley,Farfull,sfarfull5s@time.com,sfarfull5s,636-432-2745
210,Beverly,Saffer,bsaffer5t@chronoengine.com,bsaffer5t,787-897-1719
211,Sydel,Timby,stimby5u@cornell.edu,stimby5u,180-283-1727
212,Wittie,Pyer,wpyer5v@live.com,wpyer5v,515-110-0421
213,Peta,Silvester,psilvester5w@devhub.com,psilvester5w,317-645-3566
214,Loraine,Dooland,ldooland5x@dot.gov,ldooland5x,104-778-9108
215,Mira,Millett,mmillett5y@forbes.com,mmillett5y,162-258-0914
216,Ashton,Cran,acran5z@seesaa.net,acran5z,350-928-7028
217,Bartholomew,Jewers,bjewers60@canalblog.com,bjewers60,969-242-0216
218,Rea,Fleisch,rfleisch61@godaddy.com,rfleisch61,851-816-4286
219,Anallise,Costin,acostin62@ezinearticles.com,acostin62,831-926-5925
220,Nicholas,Olufsen,nolufsen63@cocolog-nifty.com,nolufsen63,621-484-6461
221,Brant,Galbreth,bgalbreth64@weebly.com,bgalbreth64,200-175-6507
222,Adelice,Warbrick,awarbrick65@elegantthemes.com,awarbrick65,535-483-3909
223,Shelby,Shrawley,sshrawley66@artisteer.com,sshrawley66,574-919-8628
224,Cirillo,Fairleigh,cfairleigh67@people.com.cn,cfairleigh67,165-210-1001
225,Kally,Danahar,kdanahar68@unicef.org,kdanahar68,165-400-4238
226,Quincey,Fewings,qfewings69@ed.gov,qfewings69,926-233-7096
227,Odele,Adrien,oadrien6a@parallels.com,oadrien6a,710-257-6786
228,Gregoor,Fairpo,gfairpo6b@aboutads.info,gfairpo6b,251-747-3846
229,Mahalia,Batsford,mbatsford6c@networkadvertising.org,mbatsford6c,522-612-9275
230,Brianne,Coldbreath,bcoldbreath6d@example.com,bcoldbreath6d,989-657-9029
231,Tabitha,Laherty,tlaherty6e@themeforest.net,tlaherty6e,122-786-6910
232,Callie,Trebilcock,ctrebilcock6f@paypal.com,ctrebilcock6f,793-287-0322
233,Barbie,Marchment,bmarchment6g@hao123.com,bmarchment6g,626-582-7370
234,Cordy,Sollam,csollam6h@examiner.com,csollam6h,668-660-5084
235,Dosi,Croal,dcroal6i@over-blog.com,dcroal6i,619-348-2866
236,Harriett,McTavish,hmctavish6j@hp.com,hmctavish6j,926-994-5746
237,Papageno,Gokes,pgokes6k@wsj.com,pgokes6k,599-560-1778
238,Kurt,Braime,kbraime6l@networkadvertising.org,kbraime6l,615-573-2069
239,Renard,Fishley,rfishley6m@berkeley.edu,rfishley6m,521-228-7459
240,Sybille,Antognetti,santognetti6n@guardian.co.uk,santognetti6n,524-738-9764
241,Melli,Rembrandt,mrembrandt6o@feedburner.com,mrembrandt6o,497-787-4427
242,Magdalene,Mac Geaney,mmacgeaney6p@reverbnation.com,mmacgeaney6p,521-893-8128
243,Sinclair,Hufton,shufton6q@printfriendly.com,shufton6q,239-394-2751
244,Erasmus,Stoyles,estoyles6r@delicious.com,estoyles6r,958-782-0393
245,Faber,Bloyes,fbloyes6s@toplist.cz,fbloyes6s,713-421-3868
246,North,Trelevan,ntrelevan6t@flickr.com,ntrelevan6t,693-162-2809
247,Alonzo,Turville,aturville6u@tuttocitta.it,aturville6u,504-433-5838
248,Jimmie,Stainton - Skinn,jstaintonskinn6v@bizjournals.com,jstaintonskinn6v,647-799-5532
249,Montgomery,Dany,mdany6w@blogspot.com,mdany6w,833-658-2550
250,Karen,Seawright,kseawright6x@posterous.com,kseawright6x,659-555-7643
251,Peri,Balaison,pbalaison6y@dion.ne.jp,pbalaison6y,821-439-1723
252,Jenifer,Markwick,jmarkwick6z@plala.or.jp,jmarkwick6z,721-297-2308
253,Alexine,Albasiny,aalbasiny70@economist.com,aalbasiny70,275-471-9888
254,Eb,Sawell,esawell71@delicious.com,esawell71,634-994-2932
255,Sigismundo,Beak,sbeak72@home.pl,sbeak72,958-429-5268
256,Hilde,Legerton,hlegerton73@google.com.hk,hlegerton73,491-374-5143
257,Ursuline,Arnauduc,uarnauduc74@zimbio.com,uarnauduc74,506-888-9488
258,Noel,Witherow,nwitherow75@statcounter.com,nwitherow75,809-342-9275
259,Ermengarde,Asmus,easmus76@netscape.com,easmus76,154-175-8791
260,Beth,Bygraves,bbygraves77@state.tx.us,bbygraves77,256-187-0806
261,Essie,Gullyes,egullyes78@ucoz.com,egullyes78,486-646-6654
262,Minna,Gyer,mgyer79@accuweather.com,mgyer79,755-791-2528
263,Lawton,Statham,lstatham7a@ca.gov,lstatham7a,407-494-6130
264,Kurt,Sotheron,ksotheron7b@reverbnation.com,ksotheron7b,252-384-8383
265,Preston,Ioan,pioan7c@sciencedaily.com,pioan7c,865-903-3770
266,Dore,Foucar,dfoucar7d@sbwire.com,dfoucar7d,335-195-5508
267,Ivie,Siemianowicz,isiemianowicz7e@csmonitor.com,isiemianowicz7e,299-888-1500
268,Vaughn,Darth,vdarth7f@blogtalkradio.com,vdarth7f,480-471-2552
269,Sadie,Myrick,smyrick7g@state.gov,smyrick7g,477-279-0187
270,Meir,Somerton,msomerton7h@vk.com,msomerton7h,689-492-7288
271,Claybourne,Stott,cstott7i@nbcnews.com,cstott7i,830-363-1182
272,Gunilla,Rabidge,grabidge7j@discovery.com,grabidge7j,684-880-5300
273,Rosabel,Esche,resche7k@mozilla.org,resche7k,501-811-2272
274,Blakelee,Dessant,bdessant7l@desdev.cn,bdessant7l,947-940-2803
275,Noami,Walasik,nwalasik7m@dyndns.org,nwalasik7m,571-292-6884
276,Emalia,Mangin,emangin7n@cyberchimps.com,emangin7n,663-160-5072
277,Carlina,Blais,cblais7o@w3.org,cblais7o,355-238-1516
278,Wes,Rown,wrown7p@theatlantic.com,wrown7p,905-469-8978
279,Brandtr,Keble,bkeble7q@i2i.jp,bkeble7q,884-681-3710
280,Marcus,Drever,mdrever7r@wunderground.com,mdrever7r,293-602-1565
281,Stephie,Hamblen,shamblen7s@stumbleupon.com,shamblen7s,336-996-8286
282,Englebert,Bernaldo,ebernaldo7t@engadget.com,ebernaldo7t,633-355-1683
283,Sydney,Yarrell,syarrell7u@t.co,syarrell7u,446-241-5811
284,Cosimo,Poor,cpoor7v@washington.edu,cpoor7v,485-378-1357
285,Con,Halworth,chalworth7w@miitbeian.gov.cn,chalworth7w,610-217-0373
286,Violante,Lafayette,vlafayette7x@latimes.com,vlafayette7x,976-241-5604
287,Lavena,Britnell,lbritnell7y@epa.gov,lbritnell7y,525-948-5288
288,Rowe,Jozwik,rjozwik7z@google.com.hk,rjozwik7z,514-611-8887
289,Amandie,Gantley,agantley80@economist.com,agantley80,325-266-6229
290,Gabriela,Bostock,gbostock81@about.com,gbostock81,785-579-1187
291,Estella,Mathelin,emathelin82@issuu.com,emathelin82,374-448-8362
292,Broderick,Cheeney,bcheeney83@addtoany.com,bcheeney83,236-876-9445
293,Lotta,Pile,lpile84@diigo.com,lpile84,906-860-4381
294,Carlos,Vigus,cvigus85@ameblo.jp,cvigus85,613-921-4364
295,Reggis,Wansbury,rwansbury86@vk.com,rwansbury86,890-339-1690
296,Tore,Semken,tsemken87@dedecms.com,tsemken87,719-594-1687
297,Addie,Szwarc,aszwarc88@huffingtonpost.com,aszwarc88,393-731-3702
298,Tyson,Ramstead,tramstead89@fema.gov,tramstead89,419-176-5750
299,Carolus,Waywell,cwaywell8a@apple.com,cwaywell8a,971-334-6640
300,Courtenay,McTeggart,cmcteggart8b@japanpost.jp,cmcteggart8b,272-484-8234
301,Elladine,Sarten,esarten8c@weather.com,esarten8c,538-516-8547
302,Cobbie,Bowater,cbowater8d@storify.com,cbowater8d,330-862-0609
303,Kitty,Ace,kace8e@netscape.com,kace8e,598-328-9313
304,Liana,Goddard,lgoddard8f@loc.gov,lgoddard8f,688-782-0871
305,Aldo,Allner,aallner8g@bloglines.com,aallner8g,957-441-8770
306,Gunilla,D'Agostino,gdagostino8h@newyorker.com,gdagostino8h,532-750-5495
307,Chick,Coorington,ccoorington8i@rakuten.co.jp,ccoorington8i,376-221-2101
308,Berry,Durn,bdurn8j@ovh.net,bdurn8j,659-821-9949
309,Jasmine,Lill,jlill8k@uol.com.br,jlill8k,901-652-8362
310,Callie,Isacsson,cisacsson8l@sakura.ne.jp,cisacsson8l,439-183-8980
311,Salim,Coull,scoull8m@slate.com,scoull8m,384-887-7583
312,Kristo,MacMenamie,kmacmenamie8n@npr.org,kmacmenamie8n,504-806-0260
313,Sandy,Camoletto,scamoletto8o@booking.com,scamoletto8o,295-758-2707
314,Hadleigh,Macconaghy,hmacconaghy8p@hp.com,hmacconaghy8p,825-869-0270
315,Karena,Aspital,kaspital8q@photobucket.com,kaspital8q,634-709-3016
316,Nikoletta,Olyfat,nolyfat8r@mac.com,nolyfat8r,716-888-0471
317,Gayle,Petruska,gpetruska8s@amazon.co.jp,gpetruska8s,610-808-3733
318,Tressa,Brosch,tbrosch8t@imgur.com,tbrosch8t,425-372-4059
319,Ingaberg,Carl,icarl8u@narod.ru,icarl8u,166-215-4040
320,Lesli,Gutteridge,lgutteridge8v@ft.com,lgutteridge8v,688-945-3492
321,Leon,Poole,lpoole8w@redcross.org,lpoole8w,507-867-5833
322,Sansone,Bywater,sbywater8x@wp.com,sbywater8x,861-377-3768
323,Alikee,Douse,adouse8y@issuu.com,adouse8y,724-446-2265
324,Filippa,Oxbie,foxbie8z@dailymotion.com,foxbie8z,963-503-4166
325,Darleen,Klishin,dklishin90@bluehost.com,dklishin90,318-914-5460
326,Winnie,Stobbe,wstobbe91@cam.ac.uk,wstobbe91,683-736-0538
327,Nickey,Spykings,nspykings92@census.gov,nspykings92,544-188-2426
328,Morgun,Balcon,mbalcon93@adobe.com,mbalcon93,136-182-6815
329,Harwell,Carrier,hcarrier94@bing.com,hcarrier94,774-786-1720
330,Anica,Comellini,acomellini95@intel.com,acomellini95,260-704-9775
331,Gaylord,Cesaric,gcesaric96@deliciousdays.com,gcesaric96,593-815-0516
332,Rodrigo,Spalton,rspalton97@phpbb.com,rspalton97,842-540-0261
333,Matilda,Raffon,mraffon98@bluehost.com,mraffon98,917-911-6412
334,Hildegaard,Dobel,hdobel99@amazon.co.jp,hdobel99,263-769-4922
335,Harmonia,Blagden,hblagden9a@microsoft.com,hblagden9a,340-426-6193
336,Sybil,Coonihan,scoonihan9b@last.fm,scoonihan9b,906-414-4729
337,Orelia,MacCaughen,omaccaughen9c@hc360.com,omaccaughen9c,154-113-8240
338,Andre,Connow,aconnow9d@jiathis.com,aconnow9d,750-785-8237
339,Ag,McKinney,amckinney9e@umn.edu,amckinney9e,371-575-5928
340,Lorain,Andretti,landretti9f@usatoday.com,landretti9f,983-876-1244
341,Mella,Hatley,mhatley9g@nationalgeographic.com,mhatley9g,146-110-2011
342,Faun,Newcomen,fnewcomen9h@so-net.ne.jp,fnewcomen9h,874-925-3946
343,Merrili,MacAnulty,mmacanulty9i@spiegel.de,mmacanulty9i,753-729-3913
344,Adams,Alford,aalford9j@seesaa.net,aalford9j,724-323-6005
345,Kirbee,Levison,klevison9k@weather.com,klevison9k,896-314-4532
346,Carly,Hefferan,chefferan9l@blogtalkradio.com,chefferan9l,606-160-9440
347,Lorrie,Longford,llongford9m@yale.edu,llongford9m,746-534-2340
348,Lura,Pinnere,lpinnere9n@dailymotion.com,lpinnere9n,985-664-2956
349,Mariel,Barth,mbarth9o@cdc.gov,mbarth9o,466-547-7173
350,Laverna,Reader,lreader9p@google.com.au,lreader9p,593-153-0770
351,Vincenty,Mitskevich,vmitskevich9q@facebook.com,vmitskevich9q,316-607-1438
352,Niels,Fuente,nfuente9r@xrea.com,nfuente9r,625-180-6284
353,Dyane,Rammell,drammell9s@behance.net,drammell9s,461-529-5904
354,Lazar,Dmych,ldmych9t@senate.gov,ldmych9t,489-575-0938
355,Christian,Alpes,calpes9u@typepad.com,calpes9u,124-845-7741
356,Nil,Elcum,nelcum9v@youku.com,nelcum9v,295-866-4499
357,Courtney,Fenelow,cfenelow9w@bing.com,cfenelow9w,664-573-8842
358,Malachi,Isenor,misenor9x@booking.com,misenor9x,120-180-9965
359,Leonora,Seeney,lseeney9y@umich.edu,lseeney9y,651-697-4681
360,Seward,Hark,shark9z@joomla.org,shark9z,462-665-4703
361,Rea,Switland,rswitlanda0@meetup.com,rswitlanda0,465-580-4603
362,Adrienne,Melross,amelrossa1@nsw.gov.au,amelrossa1,698-123-0465
363,Biron,Stanislaw,bstanislawa2@mlb.com,bstanislawa2,407-416-2098
364,Jayson,Tutt,jtutta3@dagondesign.com,jtutta3,384-136-8499
365,Eleonore,Haggart,ehaggarta4@freewebs.com,ehaggarta4,973-125-4718
366,Patrice,Wycliffe,pwycliffea5@photobucket.com,pwycliffea5,931-794-9321
367,Tomlin,Mosedale,tmosedalea6@bluehost.com,tmosedalea6,169-902-4319
368,Robinson,Cattroll,rcattrolla7@edublogs.org,rcattrolla7,431-383-9409
369,Guglielmo,Mc Gaughey,gmcgaugheya8@washington.edu,gmcgaugheya8,575-231-8553
370,Colby,Hazle,chazlea9@nytimes.com,chazlea9,993-794-1462
371,Viviene,felip,vfelipaa@bloglovin.com,vfelipaa,712-557-6621
372,Sander,Cape,scapeab@barnesandnoble.com,scapeab,379-946-9661
373,Yehudi,Caukill,ycaukillac@furl.net,ycaukillac,512-404-2261
374,Ritchie,Leishman,rleishmanad@smugmug.com,rleishmanad,796-351-3491
375,Christiano,Griffitts,cgriffittsae@list-manage.com,cgriffittsae,757-946-6965
376,Al,Bisacre,abisacreaf@parallels.com,abisacreaf,280-300-5545
377,Drake,McRavey,dmcraveyag@studiopress.com,dmcraveyag,555-246-0571
378,Nikki,Drust,ndrustah@state.gov,ndrustah,837-272-5219
379,Sybille,Berrie,sberrieai@rediff.com,sberrieai,426-843-7601
380,Alexa,Boynes,aboynesaj@csmonitor.com,aboynesaj,483-271-7534
381,Elle,Johnigan,ejohniganak@jalbum.net,ejohniganak,695-612-4324
382,Barri,Corzon,bcorzonal@ebay.com,bcorzonal,618-575-8369
383,Danica,Twinbrow,dtwinbrowam@soundcloud.com,dtwinbrowam,622-405-5744
384,Devlin,Holtum,dholtuman@stumbleupon.com,dholtuman,699-977-8885
385,Nestor,Daintier,ndaintierao@vimeo.com,ndaintierao,137-193-0820
386,Tabbitha,Quadling,tquadlingap@constantcontact.com,tquadlingap,128-502-4283
387,Isis,Lammerich,ilammerichaq@ftc.gov,ilammerichaq,876-413-9803
388,Vanna,Varty,vvartyar@independent.co.uk,vvartyar,163-145-7775
389,Aviva,Prantoni,aprantonias@discovery.com,aprantonias,336-736-7448
390,Tabbie,Fairbrace,tfairbraceat@vistaprint.com,tfairbraceat,116-555-5010
391,Lyda,Sutherden,lsutherdenau@blog.com,lsutherdenau,372-932-5335
392,Jeth,Ovey,joveyav@tiny.cc,joveyav,169-753-5196
393,Sherilyn,Greydon,sgreydonaw@flavors.me,sgreydonaw,811-425-9776
394,Cirstoforo,Rosin,crosinax@netscape.com,crosinax,310-405-1096
395,Lucia,Garmon,lgarmonay@utexas.edu,lgarmonay,175-487-4652
396,Fallon,Withinshaw,fwithinshawaz@pcworld.com,fwithinshawaz,529-799-2267
397,Hattie,Picknett,hpicknettb0@furl.net,hpicknettb0,505-876-7350
398,Patti,Speeks,pspeeksb1@de.vu,pspeeksb1,259-983-9611
399,Evelyn,Dougary,edougaryb2@auda.org.au,edougaryb2,978-598-4146
400,Eartha,Kleinholz,ekleinholzb3@google.com.br,ekleinholzb3,499-981-3440
401,Herman,Ritmeyer,hritmeyerb4@mtv.com,hritmeyerb4,894-142-1332
402,Thia,Broadhurst,tbroadhurstb5@1und1.de,tbroadhurstb5,567-810-3385
403,Bette-ann,Rankine,brankineb6@pinterest.com,brankineb6,604-334-3435
404,Tyrone,Oolahan,toolahanb7@altervista.org,toolahanb7,524-270-3192
405,Christina,Absolon,cabsolonb8@webnode.com,cabsolonb8,405-609-7748
406,Ganny,Mannakee,gmannakeeb9@i2i.jp,gmannakeeb9,171-546-9801
407,Klemens,Jenkinson,kjenkinsonba@hp.com,kjenkinsonba,311-700-3153
408,Sela,Ingerman,singermanbb@google.it,singermanbb,440-572-4519
409,Chiquia,Jado,cjadobc@nbcnews.com,cjadobc,736-664-4088
410,Marcellina,Guichard,mguichardbd@unblog.fr,mguichardbd,501-959-4505
411,Darelle,Hazeldene,dhazeldenebe@patch.com,dhazeldenebe,739-381-6187
412,Stanford,Hyam,shyambf@opensource.org,shyambf,222-514-3735
413,Celina,Soppeth,csoppethbg@independent.co.uk,csoppethbg,820-684-6318
414,Devina,Pettingall,dpettingallbh@shareasale.com,dpettingallbh,681-151-4592
415,Virgil,Callinan,vcallinanbi@intel.com,vcallinanbi,808-921-2746
416,Jeff,Norton,jnortonbj@ustream.tv,jnortonbj,581-950-3777
417,Vachel,Macro,vmacrobk@devhub.com,vmacrobk,183-887-6239
418,Iris,Rosenfrucht,irosenfruchtbl@miitbeian.gov.cn,irosenfruchtbl,266-607-5311
419,Barde,Berthouloume,bberthouloumebm@technorati.com,bberthouloumebm,540-544-0250
420,Idalia,Tocqueville,itocquevillebn@twitter.com,itocquevillebn,680-714-4016
421,Loella,Rising,lrisingbo@smugmug.com,lrisingbo,183-707-2559
422,Rozamond,Teek,rteekbp@symantec.com,rteekbp,668-482-2137
423,Justino,Gallyhaock,jgallyhaockbq@cocolog-nifty.com,jgallyhaockbq,834-279-2930
424,Barny,Bumfrey,bbumfreybr@cbsnews.com,bbumfreybr,942-722-9247
425,Kev,Costin,kcostinbs@reddit.com,kcostinbs,668-654-6300
426,Steffi,Godthaab,sgodthaabbt@baidu.com,sgodthaabbt,140-441-7177
427,Jimmie,Klaiser,jklaiserbu@google.pl,jklaiserbu,624-447-5033
428,Randene,Pollington,rpollingtonbv@multiply.com,rpollingtonbv,805-267-5160
429,Kimball,Elletson,kelletsonbw@ovh.net,kelletsonbw,571-408-0951
430,Hadlee,Fahy,hfahybx@cisco.com,hfahybx,890-659-9895
431,Erek,Serjent,eserjentby@github.io,eserjentby,611-822-8162
432,Witty,Seago,wseagobz@imageshack.us,wseagobz,162-540-2714
433,Arlyn,Halfhide,ahalfhidec0@moonfruit.com,ahalfhidec0,415-914-6720
434,Lonee,Wiffler,lwifflerc1@yelp.com,lwifflerc1,411-935-6660
435,Agnella,Bowcock,abowcockc2@prlog.org,abowcockc2,588-855-4986
436,Dasha,MacTeague,dmacteaguec3@networksolutions.com,dmacteaguec3,397-886-0616
437,Adrianna,Edelheit,aedelheitc4@addtoany.com,aedelheitc4,664-618-0752
438,Alistair,Uridge,auridgec5@squarespace.com,auridgec5,680-246-6394
439,Dieter,O'Loghlen,dologhlenc6@fda.gov,dologhlenc6,980-419-7302
440,Husain,Barbe,hbarbec7@senate.gov,hbarbec7,264-808-2295
441,Early,Steptoe,esteptoec8@wix.com,esteptoec8,428-237-5579
442,Ronna,Gerhardt,rgerhardtc9@nifty.com,rgerhardtc9,811-192-2109
443,Kelsey,Budding,kbuddingca@reddit.com,kbuddingca,440-874-6755
444,Berny,Blondin,bblondincb@uiuc.edu,bblondincb,930-518-9695
445,Rab,Avery,raverycc@ed.gov,raverycc,310-261-5254
446,Weidar,Clowes,wclowescd@rakuten.co.jp,wclowescd,110-464-8471
447,Saundra,Allaker,sallakerce@blogspot.com,sallakerce,561-707-4821
448,Annora,Buessen,abuessencf@clickbank.net,abuessencf,475-952-2715
449,Audrey,Dupoy,adupoycg@amazon.com,adupoycg,482-177-1152
450,Aigneis,MacNeilly,amacneillych@zimbio.com,amacneillych,800-918-6474
451,Pryce,Ottee,potteeci@sciencedirect.com,potteeci,531-976-2311
452,Lorianna,Darrigone,ldarrigonecj@go.com,ldarrigonecj,157-469-8420
453,Raoul,Madelin,rmadelinck@hatena.ne.jp,rmadelinck,637-385-0557
454,Casar,Rickett,crickettcl@arizona.edu,crickettcl,814-754-2649
455,Burnard,Whitmarsh,bwhitmarshcm@yolasite.com,bwhitmarshcm,413-917-2355
456,Robin,Lumsdall,rlumsdallcn@intel.com,rlumsdallcn,949-889-9475
457,Melisandra,Lambell,mlambellco@naver.com,mlambellco,453-369-6129
458,Land,Fenners,lfennerscp@creativecommons.org,lfennerscp,793-410-5494
459,Alli,Giorgi,agiorgicq@sphinn.com,agiorgicq,453-620-9956
460,Tiffie,Baudinot,tbaudinotcr@comcast.net,tbaudinotcr,271-339-9928
461,Hashim,Robson,hrobsoncs@tumblr.com,hrobsoncs,149-988-0909
462,Amalia,Hubbucke,ahubbuckect@odnoklassniki.ru,ahubbuckect,318-588-6247
463,Catha,Couroy,ccouroycu@bluehost.com,ccouroycu,541-502-1209
464,Ignazio,Greenway,igreenwaycv@ebay.co.uk,igreenwaycv,436-700-7518
465,Issie,Bolver,ibolvercw@netscape.com,ibolvercw,781-111-4357
466,Blythe,Taylo,btaylocx@addtoany.com,btaylocx,648-508-5172
467,Myer,Erskin,merskincy@loc.gov,merskincy,280-698-4718
468,Maegan,Prandoni,mprandonicz@ibm.com,mprandonicz,100-908-1732
469,Riobard,Roscow,rroscowd0@npr.org,rroscowd0,270-530-2071
470,Emery,Bedlington,ebedlingtond1@csmonitor.com,ebedlingtond1,121-807-5895
471,Ham,Stag,hstagd2@redcross.org,hstagd2,315-711-5456
472,Lettie,Johnke,ljohnked3@mozilla.com,ljohnked3,247-383-4098
473,Pippo,Normant,pnormantd4@privacy.gov.au,pnormantd4,539-206-6038
474,Town,Prickett,tprickettd5@deviantart.com,tprickettd5,575-410-2390
475,Gerald,Dreinan,gdreinand6@nps.gov,gdreinand6,614-677-7687
476,Lemmie,Labusch,llabuschd7@barnesandnoble.com,llabuschd7,406-565-2530
477,Liana,Zylbermann,lzylbermannd8@weebly.com,lzylbermannd8,358-817-3452
478,Halli,Snoxill,hsnoxilld9@aol.com,hsnoxilld9,354-204-8801
479,Shayla,Smaile,ssmaileda@answers.com,ssmaileda,924-163-3892
480,Konstanze,Gopsell,kgopselldb@mysql.com,kgopselldb,404-295-9626
481,Ruthe,Blaschke,rblaschkedc@domainmarket.com,rblaschkedc,531-750-9948
482,Raf,Reade,rreadedd@irs.gov,rreadedd,847-799-3350
483,Gerardo,Kilday,gkildayde@facebook.com,gkildayde,496-198-2510
484,Lauren,Lequeux,llequeuxdf@buzzfeed.com,llequeuxdf,879-962-3005
485,Delilah,Overbury,doverburydg@netvibes.com,doverburydg,283-684-4272
486,Reinaldos,Delacroix,rdelacroixdh@zimbio.com,rdelacroixdh,407-599-1154
487,Cathlene,Ummfrey,cummfreydi@booking.com,cummfreydi,440-282-2133
488,Logan,Capaldi,lcapaldidj@webeden.co.uk,lcapaldidj,687-814-6483
489,Dieter,McCrisken,dmccriskendk@cdc.gov,dmccriskendk,253-834-6232
490,Daria,Andrejs,dandrejsdl@google.ru,dandrejsdl,324-284-9405
491,Clarence,Gallager,cgallagerdm@homestead.com,cgallagerdm,799-268-3293
492,Kirbie,Munnion,kmunniondn@msn.com,kmunniondn,249-450-3456
493,Brandie,Billingham,bbillinghamdo@spiegel.de,bbillinghamdo,614-825-2005
494,Orsa,Boncoeur,oboncoeurdp@sina.com.cn,oboncoeurdp,987-530-8383
495,Tricia,Morrid,tmorriddq@google.com.br,tmorriddq,731-754-4366
496,Pia,Rollings,prollingsdr@tiny.cc,prollingsdr,384-164-1591
497,Corrinne,Giovannini,cgiovanninids@de.vu,cgiovanninids,846-103-2278
498,Goldarina,Carradice,gcarradicedt@answers.com,gcarradicedt,143-870-0798
499,Boycie,McCloch,bmcclochdu@msu.edu,bmcclochdu,812-610-3998
500,Matty,Hutchings,mhutchingsdv@smh.com.au,mhutchingsdv,465-859-4429
501,Madelene,Merton,mmertondw@vinaora.com,mmertondw,919-330-0210
502,Zondra,Bomfield,zbomfielddx@arizona.edu,zbomfielddx,123-173-3786
503,Gaspard,Brislan,gbrislandy@hhs.gov,gbrislandy,446-940-4264
504,Chet,Bernini,cberninidz@chicagotribune.com,cberninidz,749-958-2148
505,Hobart,Titchener,htitchenere0@de.vu,htitchenere0,657-850-7210
506,Lanita,Dayne,ldaynee1@bbb.org,ldaynee1,602-401-9429
507,Creigh,Amsden,camsdene2@theglobeandmail.com,camsdene2,922-360-3496
508,Dawn,Critch,dcritche3@mashable.com,dcritche3,394-445-2265
509,Bea,Castagnaro,bcastagnaroe4@ifeng.com,bcastagnaroe4,922-351-9112
510,Ashley,McPheat,amcpheate5@utexas.edu,amcpheate5,500-519-6343
511,Augusta,Boness,abonesse6@gmpg.org,abonesse6,279-691-3628
512,Rafaela,Balentyne,rbalentynee7@biglobe.ne.jp,rbalentynee7,599-685-3306
513,Ambrosius,Leahy,aleahye8@foxnews.com,aleahye8,562-928-7162
514,Darin,Syphas,dsyphase9@sohu.com,dsyphase9,854-781-9719
515,Wendi,Juanico,wjuanicoea@un.org,wjuanicoea,552-101-8814
516,Archie,Daynter,adayntereb@opera.com,adayntereb,108-430-9724
517,Gina,Giacubo,ggiacuboec@sitemeter.com,ggiacuboec,460-422-4618
518,Valma,Skirrow,vskirrowed@delicious.com,vskirrowed,203-408-8215
519,Jobey,Gulland,jgullandee@tmall.com,jgullandee,427-476-9842
520,Constantia,Scantleberry,cscantleberryef@woothemes.com,cscantleberryef,171-325-1463
521,Libby,Burness,lburnesseg@mtv.com,lburnesseg,553-881-0635
522,Noam,Mewton,nmewtoneh@umich.edu,nmewtoneh,282-871-1601
523,Cassy,Sketh,cskethei@github.io,cskethei,524-710-2128
524,Jessey,Bagge,jbaggeej@newsvine.com,jbaggeej,479-303-4446
525,Prince,Adds,paddsek@imageshack.us,paddsek,111-563-1070
526,Vic,Linfitt,vlinfittel@domainmarket.com,vlinfittel,154-784-6851
527,Rochelle,Rosindill,rrosindillem@cnbc.com,rrosindillem,524-595-4026
528,Dick,Paddy,dpaddyen@prweb.com,dpaddyen,823-198-3520
529,Dani,Bednall,dbednalleo@ameblo.jp,dbednalleo,392-225-2826
530,Nanni,Smeath,nsmeathep@upenn.edu,nsmeathep,758-426-8820
531,Binny,Jagiela,bjagielaeq@skyrock.com,bjagielaeq,111-221-7053
532,Tracy,Boseley,tboseleyer@usatoday.com,tboseleyer,603-709-7910
533,Idelle,Wakley,iwakleyes@tripod.com,iwakleyes,760-379-4569
534,Esme,Shropsheir,eshropsheiret@mysql.com,eshropsheiret,976-632-1704
535,Aaron,Behrend,abehrendeu@csmonitor.com,abehrendeu,255-507-0390
536,Hildagard,Iston,histonev@uiuc.edu,histonev,832-678-1992
537,Tiffanie,Stoyle,tstoyleew@example.com,tstoyleew,194-791-8725
538,Garek,Boosey,gbooseyex@fema.gov,gbooseyex,590-793-3414
539,Leann,Ions,lionsey@purevolume.com,lionsey,116-941-6674
540,Essie,Prene,epreneez@comcast.net,epreneez,348-433-1306
541,Melitta,Dowden,mdowdenf0@webeden.co.uk,mdowdenf0,948-988-6458
542,Sydelle,Di Pietro,sdipietrof1@sphinn.com,sdipietrof1,318-265-6698
543,Julie,Milham,jmilhamf2@dyndns.org,jmilhamf2,916-236-1330
544,Alex,Hardage,ahardagef3@engadget.com,ahardagef3,822-732-7232
545,Clari,Choak,cchoakf4@earthlink.net,cchoakf4,190-619-7465
546,Anastasie,Tamas,atamasf5@live.com,atamasf5,656-458-8240
547,Uriel,Birkinshaw,ubirkinshawf6@fc2.com,ubirkinshawf6,485-999-4208
548,Chet,Charrett,ccharrettf7@ca.gov,ccharrettf7,530-577-6519
549,Stefa,Heater,sheaterf8@ox.ac.uk,sheaterf8,947-797-5060
550,Maxie,Hargess,mhargessf9@independent.co.uk,mhargessf9,144-316-1316
551,Gerrard,Cromer,gcromerfa@bloglines.com,gcromerfa,243-274-6417
552,Frans,Avraham,favrahamfb@jimdo.com,favrahamfb,655-741-0527
553,Filia,Kyne,fkynefc@google.com.au,fkynefc,761-783-4406
554,Brenden,Burress,bburressfd@flickr.com,bburressfd,877-123-2713
555,Montgomery,Lidgey,mlidgeyfe@cloudflare.com,mlidgeyfe,140-768-4295
556,Mona,Bulman,mbulmanff@goodreads.com,mbulmanff,464-307-7086
557,Arny,Russon,arussonfg@t.co,arussonfg,704-380-1155
558,Serene,Wenger,swengerfh@netscape.com,swengerfh,440-452-2296
559,William,Edmans,wedmansfi@1688.com,wedmansfi,551-495-1355
560,Melvyn,Blackaller,mblackallerfj@mac.com,mblackallerfj,336-391-6079
561,Emera,Danbrook,edanbrookfk@unesco.org,edanbrookfk,930-523-6869
562,Prinz,Date,pdatefl@hatena.ne.jp,pdatefl,862-712-2024
563,Isidoro,Powter,ipowterfm@webmd.com,ipowterfm,801-231-9009
564,Corty,MacArthur,cmacarthurfn@blog.com,cmacarthurfn,130-182-2721
565,Xenia,Le Noir,xlenoirfo@1688.com,xlenoirfo,215-323-9812
566,Aubert,Facher,afacherfp@woothemes.com,afacherfp,288-438-2551
567,Eileen,Rowat,erowatfq@ed.gov,erowatfq,805-358-8318
568,Lori,Addenbrooke,laddenbrookefr@jiathis.com,laddenbrookefr,831-607-2894
569,Gretta,Dockery,gdockeryfs@shop-pro.jp,gdockeryfs,552-180-3091
570,Orazio,Ventris,oventrisft@cocolog-nifty.com,oventrisft,740-684-7531
571,Frederico,Bartosiak,fbartosiakfu@hhs.gov,fbartosiakfu,121-404-0937
572,Clari,Colenutt,ccolenuttfv@exblog.jp,ccolenuttfv,559-147-9372
573,Mead,Vango,mvangofw@toplist.cz,mvangofw,868-641-4422
574,Willem,Hurlston,whurlstonfx@rakuten.co.jp,whurlstonfx,451-791-4101
575,Marcel,Saveall,msaveallfy@ucsd.edu,msaveallfy,763-876-0718
576,Nicolais,Laver,nlaverfz@slashdot.org,nlaverfz,354-128-0413
577,Maddy,O'Mahoney,momahoneyg0@prlog.org,momahoneyg0,890-756-5591
578,Tallia,Foux,tfouxg1@example.com,tfouxg1,465-356-4741
579,Gavin,Allibon,gallibong2@artisteer.com,gallibong2,293-567-7041
580,Jecho,Imloch,jimlochg3@blog.com,jimlochg3,322-369-0477
581,Hewet,Pash,hpashg4@furl.net,hpashg4,190-677-3568
582,Pris,Darlow,pdarlowg5@joomla.org,pdarlowg5,952-825-5805
583,Dulce,Skillings,dskillingsg6@ucoz.com,dskillingsg6,636-737-1961
584,Fax,Plak,fplakg7@pbs.org,fplakg7,429-582-8401
585,Kare,Leacock,kleacockg8@ucoz.com,kleacockg8,643-327-2649
586,Debora,Sawter,dsawterg9@zdnet.com,dsawterg9,126-954-8221
587,Randi,Oxenbury,roxenburyga@wikimedia.org,roxenburyga,858-550-2954
588,Tye,Panchin,tpanchingb@businessinsider.com,tpanchingb,492-649-5159
589,Breena,Zorzetti,bzorzettigc@ebay.co.uk,bzorzettigc,573-564-7939
590,Kania,Ibeson,kibesongd@amazon.de,kibesongd,118-637-7039
591,Effie,Sussans,esussansge@deviantart.com,esussansge,809-723-1704
592,Chelsea,Craiker,ccraikergf@ucsd.edu,ccraikergf,441-155-0932
593,Davita,Symes,dsymesgg@hugedomains.com,dsymesgg,897-681-0203
594,Leland,Barthelmes,lbarthelmesgh@freewebs.com,lbarthelmesgh,109-151-3522
595,Christa,Byk,cbykgi@sbwire.com,cbykgi,387-451-2313
596,Ellwood,Meighan,emeighangj@archive.org,emeighangj,529-406-1898
597,Priscella,Jirik,pjirikgk@tinyurl.com,pjirikgk,661-690-9531
598,Arda,Scheffel,ascheffelgl@livejournal.com,ascheffelgl,692-941-8054
599,Boonie,Drysdall,bdrysdallgm@tmall.com,bdrysdallgm,177-647-7051
600,Ainsley,Cissell,acissellgn@1und1.de,acissellgn,447-153-7821
601,Carmita,Mallabon,cmallabongo@cnbc.com,cmallabongo,679-112-2527
602,Robenia,Pendrill,rpendrillgp@wufoo.com,rpendrillgp,501-607-4174
603,Dorthea,Roux,drouxgq@clickbank.net,drouxgq,379-463-8753
604,Valentia,Pumfrett,vpumfrettgr@csmonitor.com,vpumfrettgr,742-320-3474
605,Giovanni,Yoselevitch,gyoselevitchgs@latimes.com,gyoselevitchgs,944-922-5944
606,Addison,Zaniolo,azaniologt@comsenz.com,azaniologt,592-443-5876
607,Madelene,Jays,mjaysgu@sun.com,mjaysgu,300-341-1245
608,Beulah,Baudains,bbaudainsgv@ihg.com,bbaudainsgv,461-748-8514
609,Therine,Jerche,tjerchegw@mozilla.org,tjerchegw,276-762-1740
610,Salomon,Duplan,sduplangx@google.com,sduplangx,624-122-7845
611,Linus,Fintoph,lfintophgy@surveymonkey.com,lfintophgy,231-219-6709
612,Lowrance,Hovell,lhovellgz@gizmodo.com,lhovellgz,438-687-6867
613,Stephan,Poznanski,spoznanskih0@deliciousdays.com,spoznanskih0,200-155-5924
614,Codie,Corfield,ccorfieldh1@blogger.com,ccorfieldh1,303-873-9812
615,Shaine,Bann,sbannh2@delicious.com,sbannh2,404-490-1054
616,Mirabel,Vella,mvellah3@shop-pro.jp,mvellah3,450-595-1614
617,Zelma,Deverick,zdeverickh4@jalbum.net,zdeverickh4,455-999-0519
618,Elsy,Piaggia,epiaggiah5@youtu.be,epiaggiah5,796-669-6946
619,Tami,Hiom,thiomh6@microsoft.com,thiomh6,582-221-4754
620,Di,Silveston,dsilvestonh7@spotify.com,dsilvestonh7,715-138-0867
621,Nicolai,Gerrie,ngerrieh8@trellian.com,ngerrieh8,365-984-8965
622,Jermaine,Plunket,jplunketh9@forbes.com,jplunketh9,375-660-7298
623,Alain,Halfacre,ahalfacreha@sciencedirect.com,ahalfacreha,629-341-1687
624,Penelope,Atheis,patheishb@devhub.com,patheishb,258-796-2538
625,Uriah,Minshall,uminshallhc@free.fr,uminshallhc,949-746-2825
626,Ingrim,Spellar,ispellarhd@cafepress.com,ispellarhd,125-726-4193
627,Odetta,Woodrup,owoodruphe@stanford.edu,owoodruphe,845-163-9167
628,Frannie,Stiell,fstiellhf@sourceforge.net,fstiellhf,766-189-3831
629,Chrisse,Huey,chueyhg@ocn.ne.jp,chueyhg,948-476-3918
630,Elysha,MacWhan,emacwhanhh@tinyurl.com,emacwhanhh,279-515-7618
631,Devlin,Barnsley,dbarnsleyhi@seattletimes.com,dbarnsleyhi,470-707-7914
632,Fraser,Sankey,fsankeyhj@merriam-webster.com,fsankeyhj,400-260-8631
633,Willetta,Dwyer,wdwyerhk@businessinsider.com,wdwyerhk,219-288-2680
634,Pepita,GiacobbiniJacob,pgiacobbinijacobhl@ebay.com,pgiacobbinijacobhl,599-434-5600
635,Raimundo,Underdown,runderdownhm@simplemachines.org,runderdownhm,188-854-6749
636,Mano,Blamphin,mblamphinhn@homestead.com,mblamphinhn,878-979-3904
637,Hewe,Jupp,hjuppho@skyrock.com,hjuppho,373-298-0137
638,Allan,Isacsson,aisacssonhp@mail.ru,aisacssonhp,930-296-5765
639,Arturo,Bank,abankhq@naver.com,abankhq,913-759-9924
640,Mackenzie,Burghill,mburghillhr@jiathis.com,mburghillhr,706-178-3745
641,Amelina,Jantot,ajantoths@ted.com,ajantoths,292-102-0274
642,Burr,MacCallum,bmaccallumht@nih.gov,bmaccallumht,257-214-0025
643,Kat,Suero,ksuerohu@irs.gov,ksuerohu,742-815-1930
644,Gweneth,Sellack,gsellackhv@hp.com,gsellackhv,800-218-2707
645,Carmina,Spottiswoode,cspottiswoodehw@netlog.com,cspottiswoodehw,588-950-5472
646,Mina,Swin,mswinhx@msu.edu,mswinhx,874-801-3240
647,Ira,Tattam,itattamhy@digg.com,itattamhy,306-366-2727
648,Sela,McGrotty,smcgrottyhz@phpbb.com,smcgrottyhz,480-370-4557
649,Candide,Tapscott,ctapscotti0@php.net,ctapscotti0,208-243-6036
650,Gradeigh,Carlisso,gcarlissoi1@tripod.com,gcarlissoi1,839-911-1525
651,Verile,Jarmain,vjarmaini2@google.com.br,vjarmaini2,692-301-5415
652,Deanna,Kennler,dkennleri3@smh.com.au,dkennleri3,399-981-3469
653,Anette,Lavielle,alaviellei4@mashable.com,alaviellei4,722-521-8390
654,Yank,Rippingale,yrippingalei5@nytimes.com,yrippingalei5,991-304-6475
655,Hugh,O'Sheeryne,hosheerynei6@sakura.ne.jp,hosheerynei6,711-157-7930
656,Rayner,McLemon,rmclemoni7@godaddy.com,rmclemoni7,889-916-8789
657,Zorana,Schieferstein,zschiefersteini8@techcrunch.com,zschiefersteini8,575-210-3703
658,Tani,Almack,talmacki9@ehow.com,talmacki9,437-480-3884
659,Devland,Dobrowolski,ddobrowolskiia@360.cn,ddobrowolskiia,997-671-0275
660,Kale,Culvey,kculveyib@mtv.com,kculveyib,400-955-6586
661,Nathalia,Merryman,nmerrymanic@friendfeed.com,nmerrymanic,336-455-9739
662,Vale,Korf,vkorfid@virginia.edu,vkorfid,648-334-9961
663,Fulton,Blazey,fblazeyie@google.cn,fblazeyie,857-730-2635
664,Broderick,Hillborne,bhillborneif@slashdot.org,bhillborneif,202-130-8452
665,Editha,Way,ewayig@umn.edu,ewayig,356-193-9873
666,Risa,Skpsey,rskpseyih@hibu.com,rskpseyih,127-587-8982
667,Reine,Doorbar,rdoorbarii@state.gov,rdoorbarii,790-127-7680
668,Kendricks,Rounsefell,krounsefellij@istockphoto.com,krounsefellij,908-186-9825
669,Madel,Durham,mdurhamik@51.la,mdurhamik,910-871-4264
670,Gertrude,De Bernardis,gdebernardisil@cbsnews.com,gdebernardisil,845-433-7171
671,Adelaide,Cornner,acornnerim@arizona.edu,acornnerim,768-379-8897
672,Claretta,Layton,claytonin@hatena.ne.jp,claytonin,387-662-7164
673,Olly,Deaton,odeatonio@cbslocal.com,odeatonio,553-309-0992
674,Melva,Delacroux,mdelacrouxip@joomla.org,mdelacrouxip,660-191-9145
675,Jerrilyn,Agerskow,jagerskowiq@cnn.com,jagerskowiq,355-759-6180
676,Ripley,Sarfatti,rsarfattiir@amazon.co.uk,rsarfattiir,432-472-1777
677,Rodi,Azema,razemais@drupal.org,razemais,119-802-9836
678,Roxana,MacKintosh,rmackintoshit@multiply.com,rmackintoshit,837-515-6237
679,Luisa,MacConnal,lmacconnaliu@trellian.com,lmacconnaliu,933-992-9697
680,Kalie,Pincott,kpincottiv@storify.com,kpincottiv,288-313-5186
681,Harmony,Tatlow,htatlowiw@wp.com,htatlowiw,793-537-7691
682,Homer,Ebbing,hebbingix@networksolutions.com,hebbingix,639-682-0685
683,Wyatt,Thomasset,wthomassetiy@nyu.edu,wthomassetiy,195-556-2611
684,Irma,Sansam,isansamiz@wiley.com,isansamiz,417-988-0010
685,Charline,Lyngsted,clyngstedj0@twitpic.com,clyngstedj0,949-386-3461
686,Mavra,Gabbatt,mgabbattj1@omniture.com,mgabbattj1,565-269-3536
687,Kilian,Ghidoli,kghidolij2@ihg.com,kghidolij2,948-606-6434
688,Charis,Selland,csellandj3@nps.gov,csellandj3,252-411-8432
689,Mina,Nijs,mnijsj4@wordpress.com,mnijsj4,892-294-1212
690,Berenice,Grinnell,bgrinnellj5@wufoo.com,bgrinnellj5,129-415-2653
691,Aluin,Bartolic,abartolicj6@aboutads.info,abartolicj6,922-778-7992
692,Merilyn,Colbrun,mcolbrunj7@opensource.org,mcolbrunj7,492-194-4956
693,Morie,Cohane,mcohanej8@va.gov,mcohanej8,881-409-3401
694,Jacinda,McClounan,jmcclounanj9@omniture.com,jmcclounanj9,331-784-7078
695,Myron,Silverson,msilversonja@angelfire.com,msilversonja,515-983-9422
696,Toiboid,Kalkofer,tkalkoferjb@nbcnews.com,tkalkoferjb,617-706-8217
697,Lynne,Daldry,ldaldryjc@macromedia.com,ldaldryjc,922-459-4718
698,Arline,Splevings,asplevingsjd@stumbleupon.com,asplevingsjd,347-890-2281
699,Jacklyn,Wurz,jwurzje@cnbc.com,jwurzje,755-731-2680
700,Adella,Lavielle,alaviellejf@usatoday.com,alaviellejf,557-843-7692
701,Margaret,Cowl,mcowljg@tripod.com,mcowljg,921-498-4736
702,Sylvia,Twinberrow,stwinberrowjh@github.io,stwinberrowjh,104-390-7401
703,Celinka,Lindell,clindellji@opera.com,clindellji,659-244-5332
704,Caryl,Sandwith,csandwithjj@icq.com,csandwithjj,105-315-9522
705,Lissi,Bogey,lbogeyjk@hibu.com,lbogeyjk,701-326-5105
706,Kirby,Hatchell,khatchelljl@oracle.com,khatchelljl,982-343-2417
707,Hatti,Moloney,hmoloneyjm@dot.gov,hmoloneyjm,363-773-3244
708,Glennie,Chevalier,gchevalierjn@economist.com,gchevalierjn,151-256-1286
709,Robbert,Goligher,rgoligherjo@ted.com,rgoligherjo,755-169-3626
710,Meier,Jarratt,mjarrattjp@independent.co.uk,mjarrattjp,486-630-6556
711,Tildie,Danielsson,tdanielssonjq@nps.gov,tdanielssonjq,344-707-0234
712,Gisella,Kropp,gkroppjr@who.int,gkroppjr,349-468-9782
713,Hoyt,Bonham,hbonhamjs@plala.or.jp,hbonhamjs,918-702-5519
714,Anne-corinne,Gudd,aguddjt@europa.eu,aguddjt,568-260-5287
715,Graig,Brolly,gbrollyju@state.gov,gbrollyju,445-515-9068
716,Garrot,Dunniom,gdunniomjv@illinois.edu,gdunniomjv,482-865-4278
717,Alexander,Minear,aminearjw@blogs.com,aminearjw,186-600-7754
718,Susanetta,Axcell,saxcelljx@toplist.cz,saxcelljx,433-483-5061
719,Rudiger,Lerwill,rlerwilljy@arizona.edu,rlerwilljy,334-916-3317
720,Bondon,Rotter,brotterjz@squarespace.com,brotterjz,153-621-9977
721,Christina,Braisher,cbraisherk0@ebay.co.uk,cbraisherk0,550-610-1848
722,Ilsa,D'Ugo,idugok1@kickstarter.com,idugok1,948-861-7120
723,Bridie,Grogor,bgrogork2@samsung.com,bgrogork2,103-140-5528
724,Karisa,Gladdis,kgladdisk3@jimdo.com,kgladdisk3,604-561-6072
725,Husein,Skeath,hskeathk4@admin.ch,hskeathk4,125-175-1100
726,Hinda,Simpson,hsimpsonk5@usatoday.com,hsimpsonk5,142-153-2274
727,Letitia,Graeber,lgraeberk6@phoca.cz,lgraeberk6,759-636-3752
728,Christyna,Mussard,cmussardk7@geocities.com,cmussardk7,417-321-9803
729,Livia,Inold,linoldk8@dmoz.org,linoldk8,240-907-9051
730,Park,Mellanby,pmellanbyk9@house.gov,pmellanbyk9,220-798-1166
731,Dita,Maplesden,dmaplesdenka@constantcontact.com,dmaplesdenka,232-885-9533
732,Ignazio,Hartshorne,ihartshornekb@ask.com,ihartshornekb,377-717-8211
733,Lira,Master,lmasterkc@flavors.me,lmasterkc,315-833-4870
734,Hercule,Borman,hbormankd@webmd.com,hbormankd,794-817-4276
735,Honor,Caulwell,hcaulwellke@economist.com,hcaulwellke,902-510-0607
736,Valenka,Portman,vportmankf@etsy.com,vportmankf,622-516-5266
737,Sutherlan,Tokell,stokellkg@amazon.co.uk,stokellkg,828-436-2829
738,Brittan,Merrington,bmerringtonkh@intel.com,bmerringtonkh,780-899-2118
739,Dermot,Duckfield,dduckfieldki@unicef.org,dduckfieldki,235-109-3664
740,Aldon,Gunson,agunsonkj@printfriendly.com,agunsonkj,777-461-4805
741,Kandy,DelaField,kdelafieldkk@xing.com,kdelafieldkk,507-841-2055
742,Craig,Issac,cissackl@ameblo.jp,cissackl,107-699-4421
743,Welch,Kerwood,wkerwoodkm@state.tx.us,wkerwoodkm,410-599-8838
744,Durant,Stainton - Skinn,dstaintonskinnkn@slate.com,dstaintonskinnkn,393-755-7176
745,Charyl,Blackshaw,cblackshawko@unblog.fr,cblackshawko,145-564-7605
746,Nevil,Loadsman,nloadsmankp@chron.com,nloadsmankp,182-473-8773
747,Tristam,De Brett,tdebrettkq@eventbrite.com,tdebrettkq,176-439-9997
748,Llywellyn,Townrow,ltownrowkr@eepurl.com,ltownrowkr,749-720-2542
749,Bradley,Cessford,bcessfordks@dion.ne.jp,bcessfordks,803-419-0919
750,Emalee,Gaveltone,egaveltonekt@nature.com,egaveltonekt,752-782-9702
751,Sydney,Tompkin,stompkinku@histats.com,stompkinku,521-327-6089
752,Eziechiele,Scragg,escraggkv@homestead.com,escraggkv,842-851-0302
753,Percy,Petru,ppetrukw@mozilla.com,ppetrukw,291-744-6517
754,Sherlocke,Breakspear,sbreakspearkx@bbc.co.uk,sbreakspearkx,448-894-2247
755,Ilysa,Nudds,inuddsky@nhs.uk,inuddsky,513-997-8517
756,Donal,Oylett,doylettkz@sfgate.com,doylettkz,944-745-5159
757,Stanwood,Milbank,smilbankl0@themeforest.net,smilbankl0,149-657-3521
758,Gayleen,Oak,goakl1@mayoclinic.com,goakl1,406-484-6701
759,Philippa,Allibon,pallibonl2@bigcartel.com,pallibonl2,219-836-5551
760,Doro,Long,dlongl3@facebook.com,dlongl3,930-518-2060
761,Fulvia,Pawfoot,fpawfootl4@bbc.co.uk,fpawfootl4,653-166-5149
762,Lowrance,Hinzer,lhinzerl5@wikipedia.org,lhinzerl5,945-490-9525
763,Elisha,MacGilfoyle,emacgilfoylel6@nsw.gov.au,emacgilfoylel6,643-847-6748
764,Caryl,Bowcher,cbowcherl7@smugmug.com,cbowcherl7,767-451-2293
765,Reiko,Metcalfe,rmetcalfel8@wikispaces.com,rmetcalfel8,895-646-4504
766,Jefferey,Causon,jcausonl9@sfgate.com,jcausonl9,230-308-7650
767,Berny,Kenneway,bkennewayla@apache.org,bkennewayla,314-404-8635
768,Penn,Jahndel,pjahndellb@surveymonkey.com,pjahndellb,423-817-8496
769,Van,Cossans,vcossanslc@aboutads.info,vcossanslc,853-209-3064
770,Kimmy,Tuer,ktuerld@amazon.co.jp,ktuerld,445-125-9915
771,Tobie,Abbie,tabbiele@scribd.com,tabbiele,745-520-9446
772,Georgianne,Nerval,gnervallf@apple.com,gnervallf,404-363-4479
773,Erhard,Alben,ealbenlg@paypal.com,ealbenlg,862-342-6408
774,Farah,Kyme,fkymelh@t-online.de,fkymelh,242-891-1645
775,Alonso,Scandwright,ascandwrightli@google.ca,ascandwrightli,387-740-0043
776,Elroy,Thuillier,ethuillierlj@telegraph.co.uk,ethuillierlj,598-537-3884
777,Marv,Jeannot,mjeannotlk@newsvine.com,mjeannotlk,417-468-0404
778,Timofei,Horwell,thorwellll@un.org,thorwellll,678-272-2991
779,Camala,Loades,cloadeslm@google.com.br,cloadeslm,174-929-0685
780,Mickey,Sheach,msheachln@redcross.org,msheachln,955-698-7055
781,Walther,Adds,waddslo@joomla.org,waddslo,874-377-1693
782,Prissie,McFie,pmcfielp@seesaa.net,pmcfielp,663-542-2582
783,Dannie,Hacard,dhacardlq@psu.edu,dhacardlq,863-488-3706
784,Silvia,Fitzsimon,sfitzsimonlr@moonfruit.com,sfitzsimonlr,170-883-9225
785,Christoforo,Spancock,cspancockls@newyorker.com,cspancockls,261-566-5617
786,Eziechiele,Meaddowcroft,emeaddowcroftlt@fda.gov,emeaddowcroftlt,301-901-0297
787,Dani,Beelby,dbeelbylu@canalblog.com,dbeelbylu,428-915-3597
788,Dylan,Warrillow,dwarrillowlv@hc360.com,dwarrillowlv,999-352-0000
789,Jillene,Batcheldor,jbatcheldorlw@sitemeter.com,jbatcheldorlw,406-146-9441
790,Vidovic,Curror,vcurrorlx@tamu.edu,vcurrorlx,940-871-4282
791,Joceline,d' Elboux,jdelbouxly@bigcartel.com,jdelbouxly,910-852-5680
792,Job,Ceaplen,jceaplenlz@mediafire.com,jceaplenlz,249-705-0897
793,Tiffi,MacAree,tmacareem0@netlog.com,tmacareem0,173-624-0290
794,Angelica,Orpin,aorpinm1@nps.gov,aorpinm1,209-464-0264
795,Dare,Vockins,dvockinsm2@ucoz.ru,dvockinsm2,635-295-8409
796,Val,Broggio,vbroggiom3@cloudflare.com,vbroggiom3,853-347-6168
797,Bethina,Wenden,bwendenm4@joomla.org,bwendenm4,502-759-5127
798,Cairistiona,Rivelon,crivelonm5@webmd.com,crivelonm5,826-510-0399
799,Sibyl,Dakers,sdakersm6@seesaa.net,sdakersm6,638-429-2265
800,Nataniel,Burdell,nburdellm7@jugem.jp,nburdellm7,440-371-7305
801,Wat,Coghlan,wcoghlanm8@reuters.com,wcoghlanm8,584-841-1621
802,Jayme,Tomankowski,jtomankowskim9@jiathis.com,jtomankowskim9,688-264-1750
803,Siouxie,Goligly,sgoliglyma@google.de,sgoliglyma,950-824-5034
804,Fae,Kidwell,fkidwellmb@wunderground.com,fkidwellmb,913-423-2847
805,Essie,Stolberger,estolbergermc@utexas.edu,estolbergermc,905-511-9204
806,Sherwin,Carneck,scarneckmd@e-recht24.de,scarneckmd,241-330-1835
807,Laurette,Dietmar,ldietmarme@mozilla.org,ldietmarme,964-137-5214
808,Bo,MacElroy,bmacelroymf@plala.or.jp,bmacelroymf,990-280-3272
809,Emlynn,Dopson,edopsonmg@etsy.com,edopsonmg,159-903-3995
810,Ginnie,Bearman,gbearmanmh@squarespace.com,gbearmanmh,923-902-4228
811,Donielle,Mustchin,dmustchinmi@live.com,dmustchinmi,323-483-5182
812,Bill,Darthe,bdarthemj@dell.com,bdarthemj,508-938-1176
813,Shellie,Rubbert,srubbertmk@shareasale.com,srubbertmk,788-425-0904
814,Rivkah,Nevitt,rnevittml@illinois.edu,rnevittml,500-854-3195
815,Baron,Mashro,bmashromm@youtu.be,bmashromm,174-194-6717
816,Inger,Tombleson,itomblesonmn@guardian.co.uk,itomblesonmn,239-302-3594
817,Heidi,Mulqueen,hmulqueenmo@networksolutions.com,hmulqueenmo,836-163-1857
818,Lani,Clapham,lclaphammp@si.edu,lclaphammp,758-530-9883
819,Lani,Morot,lmorotmq@dailymail.co.uk,lmorotmq,709-808-0165
820,Othello,Biasi,obiasimr@china.com.cn,obiasimr,512-627-3532
821,Ulla,Villalta,uvillaltams@behance.net,uvillaltams,471-303-2364
822,Berny,Lambard,blambardmt@163.com,blambardmt,190-138-6191
823,Bordie,Melonby,bmelonbymu@mayoclinic.com,bmelonbymu,243-891-1510
824,Drud,MacCaig,dmaccaigmv@ebay.co.uk,dmaccaigmv,979-169-7750
825,Jill,Bohlmann,jbohlmannmw@yellowpages.com,jbohlmannmw,818-670-9851
826,Vevay,Oliver,volivermx@china.com.cn,volivermx,953-598-9419
827,Bernardine,Deare,bdearemy@photobucket.com,bdearemy,726-904-7425
828,Haze,Jovis,hjovismz@upenn.edu,hjovismz,685-633-6375
829,Glenna,Glinde,gglinden0@mapy.cz,gglinden0,895-613-1079
830,Dore,Gimblet,dgimbletn1@un.org,dgimbletn1,762-906-8232
831,Germain,Isakovitch,gisakovitchn2@indiegogo.com,gisakovitchn2,877-286-9191
832,Harriett,Davall,hdavalln3@dedecms.com,hdavalln3,613-362-7561
833,Salomi,Powley,spowleyn4@yolasite.com,spowleyn4,534-698-0963
834,Carissa,Wloch,cwlochn5@indiatimes.com,cwlochn5,140-396-5475
835,Ambrose,Onn,aonnn6@squarespace.com,aonnn6,705-141-4511
836,Lil,Estable,lestablen7@hatena.ne.jp,lestablen7,681-329-7834
837,Malissa,Ayris,mayrisn8@mashable.com,mayrisn8,428-392-9010
838,Mathilde,Nerne,mnernen9@toplist.cz,mnernen9,400-921-8911
839,Gregoire,Batham,gbathamna@time.com,gbathamna,852-809-4304
840,Felice,Bavridge,fbavridgenb@ftc.gov,fbavridgenb,651-957-3646
841,Hannah,Swyer-Sexey,hswyersexeync@plala.or.jp,hswyersexeync,973-892-4102
842,Kaitlin,Roome,kroomend@simplemachines.org,kroomend,112-489-7295
843,Genvieve,Crichton,gcrichtonne@redcross.org,gcrichtonne,876-834-7547
844,Jard,Kubiczek,jkubiczeknf@elpais.com,jkubiczeknf,546-764-5725
845,Gallagher,Sevin,gsevinng@psu.edu,gsevinng,803-330-2012
846,Reggie,Tritton,rtrittonnh@ted.com,rtrittonnh,237-413-3831
847,Christin,Everex,ceverexni@washington.edu,ceverexni,776-597-0772
848,Yettie,Treble,ytreblenj@bigcartel.com,ytreblenj,514-188-2318
849,Lyon,Lawrie,llawrienk@bing.com,llawrienk,438-651-1344
850,Vito,Merkel,vmerkelnl@facebook.com,vmerkelnl,100-717-0988
851,Willi,Morewood,wmorewoodnm@rambler.ru,wmorewoodnm,867-560-6635
852,Vivienne,Brigstock,vbrigstocknn@usatoday.com,vbrigstocknn,453-971-2083
853,Thea,Hacksby,thacksbyno@homestead.com,thacksbyno,575-266-1223
854,Shirl,Gaine of England,sgaineofenglandnp@toplist.cz,sgaineofenglandnp,525-190-9084
855,Federica,Shillan,fshillannq@smugmug.com,fshillannq,632-701-1716
856,Franciskus,Carpe,fcarpenr@google.de,fcarpenr,944-910-3534
857,Mylo,Cricket,mcricketns@instagram.com,mcricketns,114-540-5029
858,Alanna,Gordon-Giles,agordongilesnt@house.gov,agordongilesnt,488-926-6691
859,Rudolf,L' Estrange,rlestrangenu@squidoo.com,rlestrangenu,605-259-7673
860,Burch,Lengthorn,blengthornnv@goo.ne.jp,blengthornnv,104-511-1879
861,Alyssa,Haynesford,ahaynesfordnw@fema.gov,ahaynesfordnw,918-576-8614
862,Ynes,Clemenza,yclemenzanx@vk.com,yclemenzanx,384-293-7538
863,Hinda,MacPeice,hmacpeiceny@feedburner.com,hmacpeiceny,435-190-5587
864,Borg,Ebbs,bebbsnz@simplemachines.org,bebbsnz,258-693-6404
865,Lena,Drewes,ldreweso0@deliciousdays.com,ldreweso0,420-555-0535
866,Clo,Poynor,cpoynoro1@yale.edu,cpoynoro1,804-761-7919
867,Trude,Demcak,tdemcako2@samsung.com,tdemcako2,127-965-7166
868,Cobbie,Sprull,csprullo3@comsenz.com,csprullo3,943-771-9302
869,Karil,Skiggs,kskiggso4@edublogs.org,kskiggso4,310-336-6700
870,Ulla,Groomebridge,ugroomebridgeo5@nbcnews.com,ugroomebridgeo5,223-945-8641
871,Ginni,Harmant,gharmanto6@cbslocal.com,gharmanto6,273-148-5251
872,Dacie,Pengilly,dpengillyo7@pagesperso-orange.fr,dpengillyo7,117-839-0351
873,Courtnay,McCabe,cmccabeo8@myspace.com,cmccabeo8,550-178-9612
874,Farrell,Le Sarr,flesarro9@hud.gov,flesarro9,384-660-2290
875,Wake,Drewitt,wdrewittoa@g.co,wdrewittoa,492-842-7432
876,Deina,Gerhardt,dgerhardtob@so-net.ne.jp,dgerhardtob,740-651-2001
877,Torr,Chuck,tchuckoc@google.ru,tchuckoc,815-567-4713
878,Eustace,Whye,ewhyeod@smh.com.au,ewhyeod,474-374-0572
879,Antonio,Nulty,anultyoe@wired.com,anultyoe,772-681-0436
880,Enrika,Haller,ehallerof@simplemachines.org,ehallerof,505-820-0801
881,Lucina,Dicker,ldickerog@bloglovin.com,ldickerog,805-169-2260
882,Niko,Radbone,nradboneoh@bloglovin.com,nradboneoh,244-853-8922
883,Brennan,Ygo,bygooi@google.fr,bygooi,881-650-8392
884,Pattie,Hasnney,phasnneyoj@cam.ac.uk,phasnneyoj,394-677-0360
885,Elonore,Huetson,ehuetsonok@webeden.co.uk,ehuetsonok,672-101-7836
886,Theresita,Matevosian,tmatevosianol@joomla.org,tmatevosianol,303-871-2708
887,Barth,Pellissier,bpellissierom@imageshack.us,bpellissierom,205-793-9541
888,Mora,Ipsly,mipslyon@ftc.gov,mipslyon,966-343-6719
889,Arden,Flowers,aflowersoo@spotify.com,aflowersoo,862-156-3013
890,Hewie,Dengate,hdengateop@prweb.com,hdengateop,995-807-1709
891,Darby,Barthod,dbarthodoq@wiley.com,dbarthodoq,733-597-2593
892,Jenica,Yurin,jyurinor@google.com.hk,jyurinor,586-497-9862
893,Carmencita,Blaycock,cblaycockos@tmall.com,cblaycockos,214-721-4556
894,Iormina,Mainds,imaindsot@shutterfly.com,imaindsot,566-811-9344
895,Falito,Casero,fcaseroou@goodreads.com,fcaseroou,417-723-0862
896,Lind,Claiton,lclaitonov@ox.ac.uk,lclaitonov,746-882-8393
897,Marco,Soot,msootow@deliciousdays.com,msootow,976-907-0424
898,Cathleen,McIlherran,cmcilherranox@constantcontact.com,cmcilherranox,732-277-0041
899,Joaquin,Gellion,jgellionoy@trellian.com,jgellionoy,786-720-4556
900,Chrysler,Pile,cpileoz@ucoz.com,cpileoz,575-822-6118
901,Amy,Carney,acarneyp0@bloomberg.com,acarneyp0,835-906-7718
902,Luther,Ruse,lrusep1@squarespace.com,lrusep1,469-873-1939
903,Sally,Cufley,scufleyp2@bloglovin.com,scufleyp2,822-290-5906
904,Latashia,Snary,lsnaryp3@google.es,lsnaryp3,347-104-1234
905,Vivienne,Blaszkiewicz,vblaszkiewiczp4@123-reg.co.uk,vblaszkiewiczp4,932-721-7261
906,Charmian,Tighe,ctighep5@a8.net,ctighep5,953-748-8418
907,Marleen,Froment,mfromentp6@shop-pro.jp,mfromentp6,895-222-6978
908,Pernell,Lomond,plomondp7@privacy.gov.au,plomondp7,184-804-0358
909,Inga,Birkwood,ibirkwoodp8@t.co,ibirkwoodp8,145-716-0294
910,Duncan,Crees,dcreesp9@de.vu,dcreesp9,957-843-6158
911,Jania,Aizic,jaizicpa@cyberchimps.com,jaizicpa,729-967-3463
912,Mollie,Osorio,mosoriopb@pinterest.com,mosoriopb,780-587-6911
913,Jana,Pentycross,jpentycrosspc@sfgate.com,jpentycrosspc,884-328-7955
914,Aveline,Satterfitt,asatterfittpd@umn.edu,asatterfittpd,532-956-8892
915,Arabel,Gabbetis,agabbetispe@ox.ac.uk,agabbetispe,271-403-2043
916,Lauraine,Defries,ldefriespf@soup.io,ldefriespf,571-265-2046
917,Merilee,Duplain,mduplainpg@state.tx.us,mduplainpg,713-851-7266
918,Wren,Sellens,wsellensph@taobao.com,wsellensph,353-487-8504
919,Marsha,Cinelli,mcinellipi@angelfire.com,mcinellipi,725-897-2654
920,Zachery,Chagg,zchaggpj@bloglines.com,zchaggpj,171-904-2842
921,Dudley,Proback,dprobackpk@geocities.com,dprobackpk,161-894-8602
922,Corbie,Plett,cplettpl@bandcamp.com,cplettpl,192-343-4349
923,Arvy,Kelberman,akelbermanpm@nba.com,akelbermanpm,952-896-2183
924,Miguela,Belden,mbeldenpn@craigslist.org,mbeldenpn,811-941-6222
925,Abner,Freer,afreerpo@moonfruit.com,afreerpo,947-420-2717
926,Fifi,Pilipets,fpilipetspp@reference.com,fpilipetspp,519-946-1364
927,Adoree,Ghelerdini,aghelerdinipq@mayoclinic.com,aghelerdinipq,525-180-7741
928,Cynthy,Melmoth,cmelmothpr@wsj.com,cmelmothpr,526-947-1414
929,Ddene,Brinson,dbrinsonps@vistaprint.com,dbrinsonps,449-221-8600
930,Marcelline,Escale,mescalept@wikimedia.org,mescalept,425-257-3427
931,Sandye,Langley,slangleypu@wikimedia.org,slangleypu,713-884-9436
932,Corella,Teanby,cteanbypv@ocn.ne.jp,cteanbypv,954-339-7357
933,Kimball,Salerno,ksalernopw@tinyurl.com,ksalernopw,396-903-8834
934,Debee,Broz,dbrozpx@shop-pro.jp,dbrozpx,446-732-3328
935,Dyanne,Holligan,dholliganpy@bandcamp.com,dholliganpy,478-379-3289
936,Lucky,Clogg,lcloggpz@wikipedia.org,lcloggpz,859-404-8564
937,Wilbert,Todarini,wtodariniq0@ihg.com,wtodariniq0,363-169-5296
938,Renell,Kleiser,rkleiserq1@usgs.gov,rkleiserq1,257-798-8226
939,Siffre,MacCauley,smaccauleyq2@themeforest.net,smaccauleyq2,137-685-8539
940,Ashely,D'Ambrogi,adambrogiq3@dailymail.co.uk,adambrogiq3,132-186-3883
941,Nadya,Masser,nmasserq4@ezinearticles.com,nmasserq4,322-748-8323
942,Mohammed,Reily,mreilyq5@nydailynews.com,mreilyq5,311-498-7967
943,Tony,Churchard,tchurchardq6@stanford.edu,tchurchardq6,438-192-3235
944,Emmery,Beatey,ebeateyq7@1688.com,ebeateyq7,955-760-5694
945,Becki,McAloren,bmcalorenq8@yahoo.com,bmcalorenq8,483-570-8349
946,Bobbee,Teape,bteapeq9@liveinternet.ru,bteapeq9,155-292-7874
947,Robert,Cornil,rcornilqa@nifty.com,rcornilqa,424-890-9159
948,Marchelle,Lancaster,mlancasterqb@fema.gov,mlancasterqb,384-604-4944
949,Appolonia,Luxford,aluxfordqc@mtv.com,aluxfordqc,125-927-0229
950,Chlo,Bresland,cbreslandqd@sbwire.com,cbreslandqd,435-923-1702
951,Harland,Humphrey,hhumphreyqe@kickstarter.com,hhumphreyqe,466-340-9787
952,Perri,Dedon,pdedonqf@wisc.edu,pdedonqf,976-522-5274
953,Hadria,Romaynes,hromaynesqg@google.com.br,hromaynesqg,431-668-8168
954,Kerby,Andreasen,kandreasenqh@lulu.com,kandreasenqh,242-630-7001
955,Ira,Caslett,icaslettqi@mail.ru,icaslettqi,538-729-7771
956,Celisse,Paireman,cpairemanqj@buzzfeed.com,cpairemanqj,768-369-2040
957,Feliks,Piken,fpikenqk@hc360.com,fpikenqk,568-867-0129
958,Nicko,Blondelle,nblondelleql@a8.net,nblondelleql,714-898-5517
959,Drew,Perroni,dperroniqm@xinhuanet.com,dperroniqm,544-379-5903
960,Armando,Gadsby,agadsbyqn@time.com,agadsbyqn,884-159-0784
961,Elvyn,Parades,eparadesqo@github.io,eparadesqo,275-911-3995
962,Candice,Diem,cdiemqp@google.fr,cdiemqp,615-865-2773
963,Goddard,Probate,gprobateqq@redcross.org,gprobateqq,587-612-6177
964,Ambrosio,Wybourne,awybourneqr@topsy.com,awybourneqr,549-543-0619
965,Irving,Clougher,iclougherqs@mac.com,iclougherqs,344-808-5567
966,Douglass,Grimm,dgrimmqt@desdev.cn,dgrimmqt,241-674-6198
967,Eugenie,Palfrey,epalfreyqu@soup.io,epalfreyqu,481-982-4902
968,Muire,Townson,mtownsonqv@google.com.br,mtownsonqv,660-264-6382
969,Evelina,Faley,efaleyqw@barnesandnoble.com,efaleyqw,760-385-5345
970,Michele,Shenton,mshentonqx@acquirethisname.com,mshentonqx,554-621-9442
971,Nanci,Taggart,ntaggartqy@behance.net,ntaggartqy,502-861-8126
972,Laney,Lisett,llisettqz@devhub.com,llisettqz,110-117-1118
973,Helene,deKnevet,hdeknevetr0@hc360.com,hdeknevetr0,703-190-9395
974,Norma,Leonida,nleonidar1@forbes.com,nleonidar1,990-238-5335
975,Osmund,Arman,oarmanr2@springer.com,oarmanr2,766-698-7763
976,Daryl,Gower,dgowerr3@biblegateway.com,dgowerr3,565-588-2476
977,Dene,Winspare,dwinsparer4@statcounter.com,dwinsparer4,809-725-9262
978,Mic,Abells,mabellsr5@wiley.com,mabellsr5,821-395-4892
979,Lilian,Torrecilla,ltorrecillar6@devhub.com,ltorrecillar6,850-505-3156
980,Teriann,Lown,tlownr7@icio.us,tlownr7,550-911-8977
981,Meggi,Egdale,megdaler8@google.pl,megdaler8,427-619-2781
982,Elfreda,Ralling,erallingr9@soundcloud.com,erallingr9,213-978-4572
983,Arther,Batterbee,abatterbeera@mayoclinic.com,abatterbeera,156-605-4796
984,Mandy,Corrison,mcorrisonrb@sciencedaily.com,mcorrisonrb,562-700-0120
985,Natalya,Eddoes,neddoesrc@goo.gl,neddoesrc,797-603-5879
986,Eydie,Haydon,ehaydonrd@csmonitor.com,ehaydonrd,361-697-6041
987,Ransom,Jugging,rjuggingre@ifeng.com,rjuggingre,630-250-0763
988,Mikkel,Gulliman,mgullimanrf@devhub.com,mgullimanrf,765-620-6438
989,Kimberley,Lehr,klehrrg@independent.co.uk,klehrrg,884-869-1782
990,Lukas,Itzakson,litzaksonrh@i2i.jp,litzaksonrh,779-459-6000
991,Neddy,Gorrissen,ngorrissenri@independent.co.uk,ngorrissenri,171-366-1122
992,Tate,Durtnell,tdurtnellrj@paypal.com,tdurtnellrj,793-421-0491
993,Lexis,Ference,lferencerk@ocn.ne.jp,lferencerk,724-451-0665
994,Tiler,Cotesford,tcotesfordrl@bizjournals.com,tcotesfordrl,558-661-5165
995,Mia,Solomonides,msolomonidesrm@bloomberg.com,msolomonidesrm,381-290-7296
996,Corny,Heasly,cheaslyrn@reuters.com,cheaslyrn,508-176-1198
997,Britt,Doerling,bdoerlingro@sphinn.com,bdoerlingro,447-654-1410
998,Franky,Barenski,fbarenskirp@canalblog.com,fbarenskirp,684-474-3870
999,Roderic,Lovemore,rlovemorerq@reference.com,rlovemorerq,874-362-5637
1000,Sheff,Onele,sonelerr@mapy.cz,sonelerr,840-336-2203
